{"cameraMode":{"drawMode":0,"name":"Shaded","section":"Shading Mode"},"sceneLighting":false,"audioPlay":false,"sceneViewState":{"showFog":true,"showMaterialUpdate":false,"showSkybox":false,"showFlares":true,"showImageEffects":true,"showParticleSystems":true},"in2DMode":false,"pivot":{"x":245.8773651123047,"y":94.89569091796875,"z":3.305206298828125},"rotation":{"x":-0.03299424424767494,"y":-0.01888086460530758,"z":0.0004702350706793368,"w":-0.9993466734886169},"size":361.6119079589844,"orthographic":false}